member_id,member_name,contact_info,reward_points
1,Taylor Berry,brucetrevino@example.net,69
2,Ryan Crawford,heatherfrank@example.net,265
3,Danielle Erickson,tiffany84@example.com,53
4,Kyle Braun,zyoung@example.org,175
5,Miranda Dixon,perrycoleman@example.org,219
6,Sharon West,hailey87@example.org,382
7,Clayton Austin,jenkinskimberly@example.net,395
8,Christopher Moyer,haynescurtis@example.net,91
9,Nathan Bruce,guerraangela@example.org,119
10,William Bryant,anthony58@example.com,178
11,Allen Orr,wpatel@example.com,73
12,Elizabeth Murphy,marvin08@example.net,258
13,Anthony Wilson,smithsteven@example.org,383
14,Micheal Macdonald,johnkhan@example.net,321
15,Ralph Miller,alexandergregory@example.com,376
16,Lisa Swanson,garciaerica@example.org,232
17,Michele Wilson,stephenwilkins@example.net,453
18,Jennifer Martinez,williamspaul@example.org,113
19,Michelle Hill,zjensen@example.org,360
20,Brittany Simmons,ramirezbrian@example.com,207
21,Colin Gonzalez,gary29@example.net,266
22,Peggy Lee,pturner@example.org,3
23,Timothy Williams,liujeffrey@example.com,297
24,Jack Parker,kingheather@example.net,158
25,Brittany Payne,gfowler@example.com,465
26,Mrs. Amanda Vasquez,patricia51@example.org,240
27,Justin Smith,pgriffin@example.org,27
28,Nathaniel Brown,florestanya@example.com,55
29,Cynthia Williams,heathermoore@example.com,88
30,Eric Gibson Jr.,lindsay82@example.net,485
31,Amanda Parker,david93@example.org,453
32,Joanna Payne,pcabrera@example.com,136
33,Courtney Dudley,robertmoore@example.org,341
34,Carlos Davis,williejohnson@example.net,154
35,Nicole Cross,hhall@example.com,129
36,Jessica Conley,chelsea14@example.com,242
37,Deborah Moreno,tlopez@example.org,290
38,Anthony King,patriciabrown@example.net,122
39,Seth Williams,ukerr@example.com,202
40,Hannah Rodriguez,codywaters@example.org,147
41,Rodney Ramirez,ysmith@example.net,428
42,Katherine Wyatt,morganpaul@example.org,137
43,Donna Gray,larryreyes@example.org,54
44,Sara Stone,fieldsmatthew@example.net,473
45,Matthew Watkins,mgay@example.net,355
46,Karen Pugh,alyssamejia@example.org,73
47,Natalie Wagner,williamwilliams@example.org,48
48,Craig Love,howard57@example.org,256
49,Mr. Juan Dean,noah94@example.org,293
50,Christopher Rivera,chouse@example.com,179
51,Jenna Wu,amandadodson@example.com,144
52,Frank Pratt,andrew52@example.com,185
53,Becky Sloan,amyburns@example.org,211
54,Spencer Barrera,schultzjustin@example.com,467
55,Courtney Smith,sstafford@example.com,480
56,Maria Young,baileywiggins@example.net,445
57,Nathan Walsh,robert86@example.net,387
58,Luke Ramos,hernandezcatherine@example.com,103
59,Tina Sanchez,pgould@example.com,191
60,Antonio Vasquez,igonzalez@example.net,491
61,Amanda Benson,sharoncox@example.org,104
62,Mrs. Amanda Miller,jeremy73@example.org,428
63,Aaron Harris MD,kyle26@example.org,245
64,Julie Davidson,scotthanna@example.org,350
65,Anthony Stein,johnsondavid@example.org,231
66,Paul Hall,andrearuiz@example.net,338
67,Joseph Gibbs,robert28@example.net,449
68,Harold Burnett,michelle31@example.com,69
69,Sharon Davenport,kimsloan@example.org,286
70,Kimberly Diaz,barajasbrian@example.net,33
71,Thomas Collins,oconnorwilliam@example.com,11
72,Dwayne Lopez,ecrosby@example.org,239
73,Jesse Baker,fperez@example.com,419
74,Samuel King,hlong@example.org,290
75,Jennifer Harris,melodylong@example.com,341
76,Sara Moore,ijones@example.net,243
77,Tammy Romero,jennifer27@example.net,183
78,Natalie Hall,patrickwilson@example.com,477
79,Michael Gray,patrickgamble@example.net,369
80,Joshua Woods,mollyhamilton@example.net,190
81,Rebecca Diaz,tracylane@example.net,194
82,Sarah Black,jasonallison@example.net,21
83,Emily Cooper,sarahmeyers@example.com,396
84,Denise Owens,christopher10@example.com,317
85,Cesar Arroyo,travislarson@example.com,177
86,Susan Hensley,gomezterri@example.org,13
87,Annette Beasley,ivillanueva@example.org,70
88,Jacqueline Johnston,deborah32@example.org,117
89,Joe White,clarkebony@example.com,387
90,David Middleton,samanthahunter@example.org,339
91,John Nixon,colegina@example.net,97
92,Jon Zimmerman,gsnow@example.net,28
93,Peter Elliott,staffordstephanie@example.org,331
94,Mark Ryan,sherrymahoney@example.com,243
95,Michael Boone,cynthiaschultz@example.net,242
96,Michael Boyle,simsamy@example.org,193
97,Ellen Ward,ninamay@example.net,88
98,Melissa Mckinney,marcusrogers@example.net,458
99,Kristin Molina,mark44@example.net,402
100,Tiffany Meyer,adamsdawn@example.net,431
101,Jessica Carr,christopher29@example.net,422
102,Beth Rowe,mhall@example.org,139
103,Kelsey Roberts,liuchristopher@example.com,241
104,Michelle Hill,jacob98@example.net,304
105,Steven Ortega,timothy50@example.org,212
106,Michael Thompson,orobinson@example.org,406
107,Geoffrey Daniels,paullopez@example.com,261
108,Matthew Hurst,danielschneider@example.net,22
109,Tiffany Hughes,gibbstheresa@example.com,304
110,Alyssa Murray,sandyreynolds@example.org,243
111,Eric Moyer,lunajohnathan@example.org,413
112,Mary Miller,christopher17@example.net,369
113,Lindsay Williams,elizabethrivera@example.com,177
114,Wanda Baker,wyattharding@example.net,496
115,Daniel Smith,greeneamber@example.com,376
116,Andrew Alvarado,mooremichael@example.net,132
117,Joseph Ryan,dwade@example.org,421
118,Brian Wood,jessica94@example.net,493
119,Ann Simmons MD,karabarker@example.com,11
120,Patricia Hernandez,justin92@example.org,378
121,Rose Mcfarland,kendra78@example.net,266
122,Ryan Brown,hgomez@example.org,447
123,Diana Haynes,solomonmelissa@example.org,28
124,Lorraine Bender,hgoodwin@example.com,244
125,Dustin Myers,hperez@example.com,54
126,Jose Wade,richardmatthews@example.org,14
127,Laura Little,mary66@example.net,445
128,Kevin Casey,kirbytimothy@example.net,100
129,Emma Lambert,duffymatthew@example.org,353
130,Gary Pollard,brett21@example.org,11
131,Mr. Nathan James,james48@example.net,343
132,Michael Jones,braunmichele@example.com,57
133,Christopher Abbott,jatkinson@example.org,387
134,Thomas Baker,alisonwilliams@example.org,112
135,Megan Rodriguez,jonathanmurphy@example.net,145
136,Eric Murphy,venglish@example.net,438
137,John Bridges,websterrussell@example.org,330
138,Donald Roberts,michellehayes@example.net,183
139,Robert Duncan,ifuentes@example.org,100
140,Debra Crane,fosterjames@example.org,229
141,Ryan Rios,berrymadeline@example.com,294
142,Andrew Lopez,holson@example.net,122
143,Yvonne Santos,uhaas@example.com,442
144,Timothy Phillips,jamessarah@example.net,499
145,Timothy Palmer,kaylareynolds@example.com,225
146,Victor Hall,kjones@example.net,446
147,Crystal Holder,patriciagomez@example.org,180
148,Kelly Cox,derekgray@example.net,134
149,Eric Padilla,sharpshaun@example.net,245
150,Michelle Alvarez,veronicawilliams@example.com,313
151,Justin Brown,griffinjames@example.org,296
152,Donna Hutchinson,gary04@example.com,55
153,Rachel Pennington,christina48@example.com,331
154,Antonio Burke,iortiz@example.net,467
155,Angela Martinez,mallorygutierrez@example.org,497
156,Chris Morris,ann01@example.org,251
157,James Guerrero,johngrant@example.com,499
158,Karla Watson,garrettgarcia@example.net,170
159,Mrs. Gail Castro,ljackson@example.org,111
160,Steven Grant,williamselizabeth@example.net,457
161,Tanya Munoz,lroberts@example.org,283
162,George Bailey Jr.,wlopez@example.com,458
163,Edward Nicholson,karinablack@example.com,430
164,Regina Ortiz,jacksonmichael@example.org,80
165,Brian Thompson,michaeljordan@example.net,262
166,Amanda Gordon,mbailey@example.net,484
167,Tara Lewis,kingalec@example.net,148
168,April Allen,chelsearodriguez@example.net,64
169,Kathleen Hart,kim22@example.com,122
170,Alyssa Morrow DDS,iatkinson@example.org,105
171,Theresa Cunningham,huertapaul@example.net,154
172,Clinton Gonzalez,zavalaisaac@example.org,3
173,Natalie Gates,tommyharper@example.net,445
174,Allen Allen,leonardrandy@example.net,454
175,Kristina Davis,clarkjames@example.com,313
176,Joshua Raymond,esimmons@example.com,441
177,Justin Lucas,donald46@example.com,495
178,Joseph Griffin,kyle59@example.org,147
179,Shawn Cervantes,ashleyhutchinson@example.org,130
180,Larry Meyer,johnkim@example.com,292
181,Benjamin Weaver,joshua59@example.com,406
182,Bonnie Hansen,toddjennifer@example.org,393
183,Sarah Fuentes,hayesaaron@example.org,167
184,Trevor Mccall,samanthascott@example.net,335
185,Jillian Robbins,yfoley@example.com,107
186,Jessica Murillo,wadejohn@example.org,213
187,Brittney Johnson,zunigastephen@example.net,201
188,Steven Hernandez,ryan18@example.com,376
189,George Wang,xspencer@example.org,49
190,Richard Douglas,jroach@example.net,90
191,Juan Hill,swood@example.com,181
192,Pamela Evans,award@example.com,382
193,Wayne Dunn,richardtravis@example.org,95
194,Vanessa Stone,crystalsimmons@example.com,457
195,Christy Carr,rsullivan@example.com,108
196,Megan Tate,cdonovan@example.net,207
197,Tonya Crawford,paige38@example.com,79
198,Thomas Barnett,qwhite@example.com,334
199,Raymond Taylor,moorebryan@example.org,435
200,Jessica Mclaughlin,mosleyheather@example.org,182
201,Katherine Pollard,christinamolina@example.net,197
202,Brenda Meyers,jamesoconnor@example.org,14
203,Zachary Watts,jordan14@example.org,450
204,Jennifer Rodriguez,jwilliams@example.org,256
205,Nicole Nunez,ocraig@example.com,313
206,Thomas Garner,chadbooth@example.com,206
207,Brenda Simmons,srandall@example.org,485
208,William Peterson,snydergina@example.com,314
209,Robert West,elizabethhanson@example.com,81
210,Jennifer Valdez,mcclainjessica@example.org,381
211,Brandon Kennedy,gardnercolton@example.com,28
212,Michael Perez,steven58@example.org,279
213,Caleb Wright,steven27@example.org,396
214,Brandon Goodwin,underwoodanthony@example.org,282
215,Jeffery Heath,wbaker@example.com,466
216,Ashley Lawson,adamjones@example.net,159
217,Jennifer Wheeler,daviskatherine@example.com,145
218,Samantha Gardner,crystal16@example.net,5
219,John Perry,bcuevas@example.net,294
220,Cynthia Barnes,robertoleonard@example.org,427
221,Anna Roberson,melissastevens@example.com,412
222,Michael Aguilar,millermarcus@example.org,242
223,Joann Knight,wgarcia@example.org,363
224,Stephanie Sims,okelley@example.com,298
225,Manuel Lloyd,mhernandez@example.net,278
226,Lisa Frazier,erinwood@example.com,305
227,Lindsey Perry,teresaandersen@example.net,211
228,Charles Crawford,gmassey@example.org,410
229,Mr. Oscar Gilbert,torresjeremy@example.net,181
230,Anna Bean,theresa05@example.org,331
231,Richard Schultz,aorr@example.org,112
232,Mark Tate,hernandezjessica@example.com,304
233,Jason Ramirez,leesherry@example.org,221
234,Christina Davidson,amber37@example.com,290
235,Susan Kelley,bushvictoria@example.net,88
236,Jeffrey Potter MD,kmartinez@example.com,419
237,James Fitzpatrick,xnelson@example.org,199
238,David Mahoney,julie97@example.net,190
239,Robin Robinson,thoward@example.com,192
240,Caleb Robinson,lopezeric@example.net,458
241,Robert Sanford,mark28@example.org,312
242,Laura Herrera,ericjackson@example.net,192
243,Dr. Albert Collier,rachel88@example.net,180
244,Darryl Gibbs,rogerskaren@example.org,340
245,Brittany Harris,nealjose@example.com,286
246,Matthew Bauer,jpittman@example.com,342
247,Elizabeth Harris,wardmelissa@example.org,16
248,Christopher Hernandez,harroyo@example.com,370
249,Tracy Hunt,tom09@example.com,153
250,John Harrison,melissa02@example.com,90
251,Amy Stewart,ftaylor@example.com,261
252,Caitlyn Alvarado,ernestgarcia@example.org,323
253,Amanda Campbell,derek98@example.net,279
254,Ronald Garcia,paulroberts@example.net,403
255,Bryan Willis,mgreen@example.net,191
256,Daniel Maxwell,elizabeth54@example.com,130
257,Brenda Smith,douglaswayne@example.com,92
258,Christina Simmons,campbellkevin@example.org,289
259,Chris Jones,leah93@example.org,68
260,Anita Taylor,robertsonralph@example.org,335
261,Mary Simmons MD,kirbytodd@example.com,426
262,Tracy Mayo,jvaughn@example.net,443
263,Andrew Navarro,armstrongbrandon@example.com,20
264,Charles Summers,lisarodriguez@example.net,236
265,Megan Cruz,julie18@example.net,437
266,John Eaton,haleymurphy@example.org,273
267,Jacqueline Davis,hailey30@example.net,492
268,Cory Kennedy,christineburgess@example.com,14
269,Hector Mendoza,clarklauren@example.com,356
270,Barbara Harrison,griffinemily@example.org,358
271,Amanda Duncan,lindsey90@example.com,171
272,Richard Spencer,cesar67@example.net,129
273,Eric Alexander PhD,lindseymartinez@example.net,50
274,Allen Green,jordancharles@example.org,58
275,Emily Castaneda,nicholas42@example.com,382
276,Justin Estrada,danarogers@example.net,121
277,Aaron Walker,michaelfisher@example.org,73
278,Henry Acosta,masonanthony@example.net,386
279,Andrew Wright,nicoleayers@example.net,1
280,Anthony Schwartz,david22@example.net,412
281,Jody Davis,ikelley@example.com,348
282,Veronica Castro,jacqueline84@example.org,380
283,Michael Rosario,snicholson@example.org,464
284,Robin French,brandon11@example.net,245
285,James Shepherd,meyerlisa@example.com,1
286,Barbara Harrison,jim57@example.com,373
287,Kyle Mathis,turnerpatricia@example.com,420
288,Diana Ryan,tfletcher@example.net,75
289,Michael Harris,pattyroth@example.com,26
290,Tammy Day,jessicawilliams@example.org,439
291,Rebekah Osborne MD,erik75@example.org,4
292,Alvin Khan,fjames@example.org,14
293,Christine Mccormick,wellselizabeth@example.com,125
294,David Bond,myersdavid@example.net,199
295,Sara Mendoza,hughesrandy@example.net,405
296,Amber Chan,charleschaney@example.net,450
297,Jessica Gardner,crichard@example.com,313
298,Harry Vargas,jack65@example.com,222
299,Benjamin Woods,philip78@example.net,433
300,Kevin Ross,holly25@example.net,412
301,Miss Amanda Hill DVM,tjones@example.net,387
302,Kaylee Wyatt,danielgibbs@example.com,282
303,Shannon Pierce,jenniferhansen@example.com,422
304,Deborah Quinn,carrie19@example.org,158
305,Stephanie Powers MD,javier17@example.com,328
306,Sean Galvan,kimberlymorales@example.org,478
307,Kimberly Mendoza,daniel56@example.org,344
308,Dana Farrell,ywolfe@example.com,408
309,Stephen Arias,kaitlyn77@example.net,337
310,Jennifer Barajas,michele75@example.com,130
311,Patricia Duarte,vmalone@example.net,24
312,Gary Neal,qcohen@example.org,129
313,Jennifer Hernandez,rachel33@example.net,282
314,Rita Elliott,kathy04@example.net,321
315,Jennifer Mendoza,castrojordan@example.org,295
316,Mark Wheeler,vincentallen@example.org,281
317,Morgan Townsend,allenbrandon@example.net,359
318,Vanessa Glass,ribarra@example.net,368
319,Alexander Walker,bhudson@example.com,473
320,Alexis Ryan,karenberry@example.com,453
321,Anna Aguilar,ychang@example.net,468
322,Justin Mcdonald,bakermatthew@example.net,331
323,Angel Gutierrez,caleb43@example.com,188
324,Anthony Walker,qchambers@example.net,352
325,Michael Scott,bridgetsalazar@example.org,111
326,Susan Gaines,yrocha@example.net,232
327,Jennifer Crawford,woodardvictor@example.net,213
328,Heather Sexton,john33@example.org,356
329,Brittany West,ericcasey@example.com,187
330,Isaac Moore,riveralindsey@example.org,250
331,Katrina Hinton,fgarner@example.org,388
332,Kelly Wilson,floresdebra@example.com,395
333,Annette Anderson,brandon99@example.org,489
334,Matthew Mcdaniel,steven86@example.net,168
335,John Collins,leslie33@example.com,43
336,Jackson Christensen,michaelwilliams@example.net,356
337,Lisa Mathews,grahamscott@example.com,163
338,Micheal Hebert,russellmike@example.org,383
339,Justin Abbott,sherri76@example.org,110
340,Raymond Miller,bryantalan@example.com,327
341,Joanna Daniels,roybarnes@example.com,419
342,Lisa Jimenez,imorris@example.com,170
343,Ebony Green,ryangeorge@example.org,339
344,Amanda Moyer,jaimebriggs@example.org,96
345,Jason Proctor,sabrina00@example.com,170
346,Beth Collins,scottmoreno@example.com,8
347,Shelby Moody,dwaynewaller@example.net,125
348,David Pena,adamgriffin@example.net,457
349,Timothy Harmon,yjenkins@example.net,309
350,William Willis,rmoore@example.net,415
351,Megan Moreno,joshua93@example.com,38
352,Carlos Travis,shawn85@example.com,292
353,Rebecca Herman,heather45@example.org,52
354,Stephen Shannon,lawrencepatel@example.com,266
355,Melissa Kennedy,williamsjessica@example.net,383
356,Sean Hansen,wilkinsontamara@example.org,309
357,Misty Morales,fwilliams@example.com,252
358,Christina Rodriguez,mckaymarissa@example.org,237
359,Maria Hughes,veronica76@example.org,293
360,Katie Duran,valerie77@example.org,291
361,Tracy Brown DVM,mariahnguyen@example.com,164
362,Samantha Wu,zandrews@example.org,190
363,Brianna Fowler MD,jaredfisher@example.net,83
364,George Carey,christopherbrown@example.net,43
365,Alice Robles,petersonkevin@example.com,291
366,Brett Wilson,pottsamy@example.org,205
367,Nicole Solis,daniel72@example.net,433
368,Diana Pacheco,munozmiguel@example.com,413
369,Jeffery Newman,duranmeagan@example.com,19
370,Robert Mendez,hstafford@example.net,497
371,Eric Brown,thomascole@example.net,466
372,Monica Jensen,angelica59@example.net,195
373,Dana Martinez,malloryhumphrey@example.com,216
374,Alex Farrell,melendezmatthew@example.net,446
375,Wendy Walker MD,mariahall@example.net,312
376,Monica Burns,joseph37@example.net,97
377,Andrea Nelson,schandler@example.org,379
378,Kelly Powell,brianbean@example.com,171
379,Jennifer Foster,brad08@example.com,423
380,Jacqueline Reyes,ipatterson@example.org,451
381,Kayla Austin,walterssarah@example.org,289
382,Jose Bowers,anthonystephanie@example.com,408
383,Vincent Gregory,kathryngoodwin@example.org,324
384,Sharon Hamilton,morgan91@example.net,44
385,Lauren Williams,christopher15@example.com,172
386,Paul Johnson,timothyhayes@example.net,148
387,Michael Barrett,phillipsjeff@example.org,3
388,Corey Simpson,mindy20@example.com,372
389,Marissa Duffy,stonekristen@example.com,121
390,Courtney Murphy,chadhill@example.net,285
391,Daniel Waters,sweeneypatricia@example.com,436
392,Claire Ford,mendozatracey@example.com,270
393,Tyrone Little,bennettvictoria@example.org,191
394,Jessica Evans,rebecca61@example.org,355
395,Melissa Hall,davidhaney@example.com,214
396,Eric Colon,kevinknight@example.net,252
397,Michael Rhodes,carlosmyers@example.net,43
398,Mark Little,annawright@example.net,368
399,Shannon Gonzalez,hollygarcia@example.org,369
400,Jeremy Tanner,williamschristopher@example.com,481
401,Robert Chavez,jessicahumphrey@example.com,266
402,Alan Perez,weberdarren@example.net,146
403,Kimberly Schmitt,emorales@example.com,97
404,Olivia Horne,jennifer39@example.net,340
405,Steven Moses,kellymccoy@example.com,436
406,Lauren Adkins,steven62@example.org,166
407,Veronica Shah,matthewsmith@example.org,218
408,Holly Rodriguez,watsonmichael@example.net,217
409,Bonnie Hudson,marcia49@example.net,218
410,Emma Morrison,paulavelez@example.org,361
411,Jon West,ballardsarah@example.com,361
412,Kathleen Cooke,ifrank@example.net,98
413,Jerry Jones,lcallahan@example.org,211
414,Jennifer Scott,nancymoore@example.com,218
415,Rick Martin,mdouglas@example.org,492
416,John Jensen,ashley78@example.org,315
417,Joseph Cobb,lortiz@example.org,195
418,Cindy Bishop,dlee@example.net,252
419,Jason Taylor,owebb@example.net,396
420,Amanda Rivera,judithballard@example.com,309
421,Maria Liu,zjones@example.org,68
422,Michael Pineda,robertmeza@example.com,25
423,Brittney Williams,jennifersharp@example.net,280
424,Julian Alvarado,david97@example.org,138
425,Mrs. Katelyn Carter,smithpam@example.org,108
426,Kevin Flores,garciamonica@example.com,402
427,Sandra Page,fwest@example.net,20
428,Sean Jordan,debbietapia@example.org,400
429,Connie Taylor,cassie48@example.org,374
430,Susan Wilson,bobbychapman@example.net,443
431,David Solomon,rachael27@example.org,336
432,Maria Barton,aguilardavid@example.com,200
433,Crystal Peterson,gbrewer@example.org,170
434,Timothy Hamilton,wyattdeborah@example.com,387
435,Nicholas Cruz,sharon60@example.net,281
436,Matthew Williams,elizabethmanning@example.org,411
437,Brittany Davis,hamiltonjoshua@example.org,167
438,Tammy Curtis,gregory77@example.org,188
439,Hannah Greer,bsantiago@example.org,149
440,Kimberly Dominguez,loweryhector@example.net,445
441,Mark Harmon,bjones@example.org,434
442,Kimberly Jones,bradyjessica@example.org,36
443,Clinton Newman,nbooth@example.com,307
444,Joshua Owen,walterdavid@example.com,94
445,Alex Bailey,gcohen@example.net,170
446,Eric Jones,ikaiser@example.com,226
447,Susan Rivers,daniel56@example.com,409
448,Tyler George,andres05@example.com,373
449,Ashley Turner,jonathanhall@example.com,396
450,Jennifer Roberson,qbarton@example.net,82
451,Kimberly Stone,nicolealvarez@example.net,469
452,Norman Nicholson,dsmith@example.com,222
453,Judith Burnett,qpatterson@example.net,139
454,Ashley Johnson,misty19@example.org,1
455,Heather Ray,nrocha@example.org,266
456,Justin Rivera,michaelramirez@example.com,58
457,Laura Kirk,xellis@example.net,105
458,Anna Mosley,laratamara@example.net,460
459,Rachel Mendoza,katiewilkinson@example.com,123
460,Monica Tanner,ryangreen@example.org,345
461,James Maldonado,bobby50@example.com,320
462,Adam Sanders,jamesali@example.net,255
463,Andrea Stanley,michaelfreeman@example.net,56
464,Raymond Flores,xcampbell@example.org,256
465,Jaime Gibson,xsimpson@example.com,288
466,James Mendoza,jhaley@example.com,378
467,Jose Jones,newmankimberly@example.org,224
468,Jeremy Mcmahon,nhall@example.org,493
469,Christopher Bradley,sparksfernando@example.net,213
470,Paul Kane,bethramirez@example.org,66
471,April Wilcox,megandelgado@example.net,471
472,Alexander Jackson,bellsuzanne@example.org,41
473,Theresa Stevens,kgarcia@example.com,333
474,Susan Moore,qjohnson@example.com,355
475,Jerry Allen,amanda67@example.org,88
476,Eric Hernandez,ballivan@example.net,70
477,Martin Dawson,wvaldez@example.org,102
478,Patrick Barnes,michael08@example.net,499
479,Matthew Santana,taylormegan@example.com,371
480,Kristen Alvarado,robertsoto@example.com,428
481,Colleen Esparza,garciamorgan@example.net,179
482,Tara Park,nharrison@example.net,193
483,Terry Turner,paulahowe@example.com,23
484,Margaret Williams,iwilliams@example.org,6
485,Mackenzie Jackson,nicholas49@example.com,113
486,Kimberly Lawson,hhinton@example.org,182
487,Richard Blevins,brooksholly@example.org,386
488,Jessica Richardson,david91@example.com,137
489,Max Martinez,christy41@example.net,359
490,Michael Carter,acevedolinda@example.com,488
491,Lucas Mckinney,tonygonzalez@example.net,105
492,Jennifer Pacheco,lukeblack@example.com,184
493,Shawn Escobar,jacobpadilla@example.com,295
494,Troy Thomas,bgarcia@example.org,476
495,Ms. Molly Miller,zhernandez@example.org,453
496,Debbie Bowen,wilsonlaura@example.net,154
497,Carla Bridges,rhonda51@example.com,142
498,Doris Jordan,amanda53@example.net,199
499,Jenny Brown,ryanthompson@example.net,376
500,Jenny Kelly,zjones@example.com,199
